{"cameraMode":{"drawMode":0,"name":"Shaded","section":"Shading Mode"},"sceneLighting":true,"audioPlay":false,"sceneViewState":{"m_AlwaysRefresh":false,"showFog":true,"showSkybox":true,"showFlares":true,"showImageEffects":true,"showParticleSystems":true,"showVisualEffectGraphs":true,"m_FxEnabled":false},"in2DMode":false,"pivot":{"x":12.975249290466309,"y":-308.07781982421877,"z":274.51165771484377},"rotation":{"x":0.4024917483329773,"y":0.01915474236011505,"z":-0.008668622933328152,"w":0.9152674078941345},"size":232.9286651611328,"orthographic":false}