{"cameraMode":{"drawMode":0,"name":"Shaded","section":"Shading Mode"},"sceneLighting":true,"audioPlay":false,"sceneViewState":{"m_AlwaysRefresh":false,"showFog":true,"showSkybox":true,"showFlares":true,"showImageEffects":true,"showParticleSystems":true,"showVisualEffectGraphs":true,"m_FxEnabled":true},"in2DMode":false,"pivot":{"x":-48.50697326660156,"y":179.0710906982422,"z":10.413500785827637},"rotation":{"x":0.6031226515769959,"y":0.0009530055685900152,"z":-0.0007211547344923019,"w":0.7976488471031189},"size":65.6142349243164,"orthographic":false}