{"cameraMode":{"drawMode":0,"name":"Shaded","section":"Shading Mode"},"sceneLighting":true,"audioPlay":false,"sceneViewState":{"m_AlwaysRefresh":false,"showFog":true,"showSkybox":true,"showFlares":true,"showImageEffects":true,"showParticleSystems":true,"showVisualEffectGraphs":true,"m_FxEnabled":true},"in2DMode":false,"pivot":{"x":11.836329460144043,"y":63.251827239990237,"z":-15.761371612548829},"rotation":{"x":0.010877376422286034,"y":0.9869268536567688,"z":-0.07565724849700928,"w":0.14189957082271577},"size":65.6142349243164,"orthographic":false}