{"cameraMode":{"drawMode":0,"name":"Shaded","section":"Shading Mode"},"sceneLighting":true,"audioPlay":false,"sceneViewState":{"m_AlwaysRefresh":false,"showFog":true,"showSkybox":true,"showFlares":true,"showImageEffects":true,"showParticleSystems":true,"showVisualEffectGraphs":true,"m_FxEnabled":true},"in2DMode":false,"pivot":{"x":-10.822216987609864,"y":-20.897729873657228,"z":29.836671829223634},"rotation":{"x":0.5248512625694275,"y":0.08046173304319382,"z":-0.04988853260874748,"w":0.8459343314170837},"size":18.186540603637697,"orthographic":false}