{"cameraMode":{"drawMode":0,"name":"Shaded","section":"Shading Mode"},"sceneLighting":true,"audioPlay":false,"sceneViewState":{"m_AlwaysRefresh":false,"showFog":true,"showSkybox":true,"showFlares":true,"showImageEffects":true,"showParticleSystems":true,"showVisualEffectGraphs":true,"m_FxEnabled":true},"in2DMode":false,"pivot":{"x":377.6048278808594,"y":167.63308715820313,"z":155.74893188476563},"rotation":{"x":-0.06615577638149262,"y":-0.056249093264341357,"z":0.0037355145905166866,"w":-0.9962154030799866},"size":372.8170166015625,"orthographic":false}